[
  { "id": 1, "title": "Healthy Eating Tips for Seniors", "category": "Nutrition", "content": "Discover how a balanced diet can support your energy and overall well-being." },
  { "id": 2, "title": "Gentle Exercises for Joint Health", "category": "Fitness", "content": "Low-impact movements to improve flexibility and strength." },
  { "id": 3, "title": "Staying Connected: Social Wellness", "category": "Mental Health", "content": "Tips on staying socially active and emotionally healthy." },
  { "id": 4, "title": "Brain Boosting Activities for Seniors", "category": "Cognitive Health", "content": "Engage in puzzles, reading, and memory games to keep your mind sharp." },
  { "id": 5, "title": "Managing Stress through Deep Breathing", "category": "Mental Health", "content": "Simple breathing techniques to reduce anxiety and improve relaxation." },
  { "id": 6, "title": "Hydration and Aging: Why Water Matters", "category": "Nutrition", "content": "Understand the importance of staying hydrated for aging bodies." },
  { "id": 7, "title": "Balance Exercises to Prevent Falls", "category": "Fitness", "content": "Improve your stability and confidence with easy balance routines." },
  { "id": 8, "title": "Understanding Medications and Side Effects", "category": "Health Care", "content": "Stay informed about your prescriptions and how to manage them safely." },
  { "id": 9, "title": "The Importance of Sleep for Seniors", "category": "Health", "content": "Learn why sleep is essential for mental and physical health in seniors." },
  { "id": 10, "title": "Heart Health: Preventing Heart Disease", "category": "Health", "content": "Learn how to prevent heart disease with a healthy lifestyle." },
  { "id": 11, "title": "Gentle Yoga for Seniors", "category": "Fitness", "content": "Low-impact yoga poses that are perfect for seniors looking to improve flexibility." },
  { "id": 12, "title": "Mental Health Awareness", "category": "Mental Health", "content": "Understand the importance of mental health and how to seek support." },
  { "id": 13, "title": "Mindfulness Practices for Relaxation", "category": "Mental Health", "content": "Learn how mindfulness can help reduce stress and improve focus." },
  { "id": 14, "title": "Strength Training for Seniors", "category": "Fitness", "content": "Safe strength training exercises to improve muscle strength and bone density." },
  { "id": 15, "title": "Self-Care Tips for Aging Adults", "category": "Health", "content": "Simple self-care practices to help you feel your best as you age." },
  { "id": 16, "title": "Maintaining Bone Health", "category": "Nutrition", "content": "The importance of calcium and vitamin D for bone health in seniors." },
  { "id": 17, "title": "Low Impact Cardio Exercises", "category": "Fitness", "content": "Get your heart pumping with low-impact cardio exercises suitable for seniors." },
  { "id": 18, "title": "Healthy Snacking for Seniors", "category": "Nutrition", "content": "Ideas for nutritious snacks to keep you energized throughout the day." },
  { "id": 19, "title": "Managing Diabetes through Diet", "category": "Health", "content": "Learn how to manage diabetes through a balanced diet and healthy habits." },
  { "id": 20, "title": "Alzheimer's and Memory Care", "category": "Cognitive Health", "content": "Learn strategies to improve memory and manage Alzheimer's symptoms." },
  { "id": 21, "title": "Hearing Loss Prevention", "category": "Health", "content": "Tips on preventing hearing loss and protecting your ears as you age." },
  { "id": 22, "title": "Foot Care for Seniors", "category": "Health", "content": "Take care of your feet with these simple tips to avoid common foot problems." },
  { "id": 23, "title": "Vision Health and Eye Care", "category": "Health", "content": "Protect your eyesight with these essential tips for seniors." },
  { "id": 24, "title": "Preventing Falls at Home", "category": "Health", "content": "Learn how to make your home safer to prevent falls and injuries." },
  { "id": 25, "title": "Healthy Meal Prep for Seniors", "category": "Nutrition", "content": "Prepare nutritious and easy-to-make meals that are perfect for seniors." },
  { "id": 26, "title": "The Importance of Social Connections", "category": "Mental Health", "content": "Understand why socializing is key to mental health and well-being." },
  { "id": 27, "title": "Creating a Healthy Sleep Routine", "category": "Health", "content": "Tips for developing a healthy sleep routine that supports aging adults." },
  { "id": 28, "title": "Preventing Stroke in Older Adults", "category": "Health", "content": "Learn how to reduce the risk of stroke and improve heart health." },
  { "id": 29, "title": "Seniors and Mobility: Tips for Staying Active", "category": "Fitness", "content": "Stay mobile and active with these easy exercises and activities." },
  { "id": 30, "title": "Nutrition for Brain Health", "category": "Nutrition", "content": "Discover which foods are essential for supporting brain health and memory." },
  { "id": 31, "title": "Dealing with Arthritis Pain", "category": "Health", "content": "Simple tips for managing arthritis pain and improving joint health." },
  { "id": 32, "title": "Mental Health and Nutrition", "category": "Mental Health", "content": "The connection between nutrition and mental well-being in seniors." },
  { "id": 33, "title": "Preventing and Managing Osteoporosis", "category": "Health", "content": "Tips for maintaining bone health and preventing osteoporosis." },
  { "id": 34, "title": "How to Stay Hydrated", "category": "Nutrition", "content": "The importance of drinking enough water to maintain health as you age." },
  { "id": 35, "title": "Exercises for Improving Balance", "category": "Fitness", "content": "Improve your balance and prevent falls with these simple exercises." },
  { "id": 36, "title": "Understanding Sleep Apnea", "category": "Health", "content": "Learn about sleep apnea and how it can affect older adults." },
  { "id": 37, "title": "The Benefits of Meditation for Seniors", "category": "Mental Health", "content": "Discover the benefits of meditation for relaxation and stress reduction." },
  { "id": 38, "title": "Boosting Immune Health in Seniors", "category": "Health", "content": "Learn how to strengthen your immune system as you age." },
  { "id": 39, "title": "Staying Active in Your Golden Years", "category": "Fitness", "content": "Exercise ideas for staying active and fit during your senior years." },
  { "id": 40, "title": "Chronic Pain Management", "category": "Health", "content": "Techniques for managing chronic pain and improving your quality of life." },
  { "id": 41, "title": "Mind-Body Connection in Senior Health", "category": "Mental Health", "content": "Explore the relationship between your mind and body for better health." },
  { "id": 42, "title": "The Role of Fiber in Senior Nutrition", "category": "Nutrition", "content": "How fiber plays a key role in digestion and overall health." },
  { "id": 43, "title": "The Importance of Regular Checkups", "category": "Health", "content": "Why regular checkups are important for seniors and how they prevent health issues." },
  { "id": 44, "title": "Understanding Dementia", "category": "Cognitive Health", "content": "What dementia is and how to care for those affected." },
  { "id": 45, "title": "Keeping Your Heart Healthy", "category": "Health", "content": "Tips for maintaining a healthy heart and reducing heart disease risks." },
  { "id": 46, "title": "Exercising for Mental Clarity", "category": "Fitness", "content": "Physical activities that help improve mental clarity and cognitive function." },
  { "id": 47, "title": "Healthy Snacks for Seniors", "category": "Nutrition", "content": "Quick and easy snack ideas that are nutritious for seniors." },
  { "id": 48, "title": "Socializing for Better Mental Health", "category": "Mental Health", "content": "The benefits of maintaining social connections for mental well-being." },
  { "id": 49, "title": "The Importance of Sun Exposure", "category": "Health", "content": "Understand the benefits of sunlight for seniors, especially for vitamin D." },
  { "id": 50, "title": "Improving Mobility after Injury", "category": "Health", "content": "Recovering and improving mobility after an injury." }
]
